t,accx,accy,accz,gyrox,gyroy,gyroz
392166,-0.00292969,-0.00341797,0.993408,-0.277579,-0.0152588,0.207007
392176,-0.00292969,-0.00317383,0.993408,0.271738,0.167847,0.054419
392186,-0.00317383,-0.00292969,0.993408,0.0886321,0.137329,0.237525
392196,-0.00244141,-0.00366211,0.993652,-0.0334382,0.0762939,0.176489
392206,-0.00268555,-0.00390625,0.99292,0.180185,0.0762939,0.0849366
392216,-0.00268555,-0.00341797,0.99292,-0.0334382,0.0152588,0.115454
392226,-0.00292969,-0.00317383,0.993164,0.11915,0.0152588,0.176489
392236,-0.00268555,-0.00317383,0.993164,0.027597,-0.0152588,-0.0371337
392246,-0.00292969,-0.00317383,0.993164,0.11915,0.106812,0.0239015
392256,-0.00268555,-0.00366211,0.993408,0.180185,0.0457764,0.268042
392266,-0.00268555,-0.00341797,0.993164,0.0581145,0.0457764,0.0239015
392276,-0.00292969,-0.00317383,0.993408,0.0886321,0.137329,0.176489
392286,-0.00292969,-0.00292969,0.992676,0.180185,0.0762939,0.207007
392296,-0.00366211,-0.00317383,0.992432,0.0581145,-0.0152588,-0.0371337
392306,-0.00366211,-0.00317383,0.992188,0.0886321,0.167847,-0.128686
392316,-0.00317383,-0.00317383,0.99292,-0.00292063,0.137329,0.054419
392326,-0.00292969,-0.00317383,0.99292,0.180185,0.137329,0.145972
392336,-0.00317383,-0.00292969,0.992432,-0.00292063,0.0457764,0.176489
392346,-0.00341797,-0.00268555,0.992188,-0.00292063,0.106812,0.176489
392356,-0.00341797,-0.00268555,0.992676,-0.00292063,0.0762939,0.145972
392366,-0.00341797,-0.00341797,0.993164,0.027597,0.0152588,0.054419
392376,-0.00317383,-0.00341797,0.99292,0.11915,0.167847,0.115454
392386,-0.00292969,-0.00317383,0.992676,-0.124991,0.0457764,0.0239015
392396,-0.00292969,-0.00317383,0.992676,0.0886321,0.106812,0.145972
392406,-0.00292969,-0.00341797,0.992676,0.11915,0.106812,0.145972
392416,-0.00317383,-0.00317383,0.993164,0.149667,0.0457764,0.115454
392426,-0.00341797,-0.00341797,0.99292,0.180185,0.0762939,0.054419
392436,-0.00390625,-0.00317383,0.993164,0.027597,0.0457764,0.115454
392446,-0.00366211,-0.00317383,0.992432,0.149667,0.228882,0.145972
392456,-0.00366211,-0.00317383,0.992432,-0.00292063,0.137329,0.0849366
392466,-0.00366211,-0.00366211,0.992676,0.0886321,0.0762939,-0.0371337
392476,-0.00292969,-0.00341797,0.99292,0.180185,0.0457764,0.115454
392486,-0.00292969,-0.00341797,0.992676,0.027597,0.0457764,0.054419
392496,-0.00268555,-0.00366211,0.992676,0.027597,0.167847,0.0849366
392506,-0.00244141,-0.00366211,0.99292,0.210702,0.106812,0.115454
392516,-0.00292969,-0.00390625,0.992432,-0.0334382,0.0762939,0.237525
392526,-0.00292969,-0.00415039,0.992188,0.0581145,0.0152588,-0.00661612
392536,-0.00292969,-0.00366211,0.992188,0.149667,0.0457764,0.176489
392546,-0.00341797,-0.00415039,0.991943,0.0581145,0.0457764,0.145972
392556,-0.00341797,-0.00415039,0.992432,-0.0334382,0.0152588,0.207007
392566,-0.00341797,-0.00390625,0.99292,0.0581145,-0.0762939,0.0849366
392576,-0.00317383,-0.00366211,0.993164,-0.00292063,0.0762939,0.145972
392586,-0.00341797,-0.00317383,0.991943,-0.0639558,0.106812,0.0239015
392596,-0.00341797,-0.00317383,0.992188,0.027597,0.0152588,0.145972
392606,-0.00366211,-0.00317383,0.992432,0.11915,0.0457764,0.0239015
392616,-0.00317383,-0.00366211,0.992432,-0.0944734,0.167847,-0.0676513
392626,-0.00292969,-0.00366211,0.992432,0.180185,0.106812,-0.0981688
392636,-0.00292969,-0.00366211,0.992676,0.210702,-0.0152588,0.0239015
392646,-0.00292969,-0.00390625,0.992432,0.0581145,0.106812,0.268042
392656,-0.00317383,-0.00390625,0.992432,-0.0334382,0.0457764,0.0239015
392666,-0.00292969,-0.00390625,0.992676,0.027597,0.0457764,0.145972
392676,-0.00317383,-0.00390625,0.992676,0.0581145,0.106812,0.176489
392686,-0.00317383,-0.00366211,0.991943,0.11915,0.167847,-0.0371337
392696,-0.00268555,-0.00366211,0.992432,0.0886321,0.0152588,0.207007
392706,-0.00292969,-0.00341797,0.991699,0.149667,0.0457764,0.0849366
392716,-0.00317383,-0.00317383,0.991943,0.11915,0.0457764,0.115454
392726,-0.00317383,-0.00317383,0.992188,0.0886321,0.0762939,0.054419
392736,-0.00292969,-0.00317383,0.992188,-0.0639558,0.228882,-0.00661612
392746,-0.00292969,-0.00292969,0.992676,-0.155509,0.0152588,0.176489
392756,-0.00292969,-0.00317383,0.992676,0.0886321,0.167847,0.176489
392766,-0.00292969,-0.00317383,0.992432,-0.00292063,0.137329,0.176489
392776,-0.00268555,-0.00317383,0.99292,0.0886321,0.0762939,-0.0371337
392786,-0.00244141,-0.00292969,0.99292,0.027597,0.0762939,0.329077
392796,-0.00268555,-0.00317383,0.99292,0.027597,0.106812,0.237525
392806,-0.00268555,-0.00341797,0.99292,0.11915,0.106812,0.268042
392816,-0.00317383,-0.00317383,0.99292,0.11915,0.137329,0.237525
392826,-0.00317383,-0.00292969,0.993164,-0.00292063,0.106812,0.237525
392836,-0.00341797,-0.00292969,0.992432,0.149667,0.0762939,0.115454
392846,-0.00341797,-0.00268555,0.993164,0.210702,0.137329,0.268042
392856,-0.00366211,-0.00317383,0.993164,0.027597,0.106812,0.145972
392866,-0.00390625,-0.00341797,0.992432,0.149667,0.0762939,0.176489
392876,-0.00317383,-0.00341797,0.992676,0.11915,0.198364,0.176489
392886,-0.00366211,-0.00341797,0.99292,0.0886321,0.0457764,0.176489
392896,-0.00390625,-0.00317383,0.99292,0.180185,0.0457764,-0.0676513
392906,-0.00390625,-0.00317383,0.991943,0.0581145,0.137329,0.115454
392916,-0.00366211,-0.00317383,0.992188,0.180185,0.167847,0.145972
392926,-0.00366211,-0.00341797,0.991699,0.11915,0.0762939,0.268042
392936,-0.00390625,-0.00366211,0.991455,0.0581145,0.0457764,0.0849366
392946,-0.00341797,-0.00317383,0.991699,0.027597,0.106812,0.115454
392956,-0.00341797,-0.00317383,0.992188,0.0581145,0.0762939,0.0849366
392966,-0.00341797,-0.00341797,0.992188,0.180185,0.0457764,0.145972
392976,-0.00341797,-0.00292969,0.991943,0.149667,0.106812,0.0849366
392986,-0.00366211,-0.00268555,0.992188,0.11915,0.0457764,0.0239015
392996,-0.00390625,-0.00292969,0.993164,0.24122,-0.0762939,-0.128686
393006,-0.00366211,-0.00317383,0.992432,0.0886321,0.0762939,0.268042
393016,-0.00341797,-0.00317383,0.991943,-0.0639558,0.259399,0.207007
393026,-0.00341797,-0.00341797,0.991699,-0.0639558,0.0457764,0.054419
393036,-0.00341797,-0.00292969,0.991455,0.149667,0.0152588,0.207007
393046,-0.00292969,-0.00317383,0.991211,0.11915,0.167847,0.176489
393056,-0.00317383,-0.00292969,0.990967,0.0886321,0.0762939,0.115454
393066,-0.00317383,-0.00317383,0.991699,-0.216544,0.0457764,0.145972
393076,-0.00292969,-0.00366211,0.991699,0.027597,0.0457764,0.0849366
393086,-0.00292969,-0.00366211,0.99292,0.302255,0.167847,0.115454
393096,-0.00317383,-0.00366211,0.992432,0.027597,0.0762939,0.145972
393106,-0.00292969,-0.00341797,0.992676,0.0886321,0.0762939,0.0849366
393126,-0.00268555,-0.00292969,0.992432,0.149667,0.0152588,0.176489
393136,-0.00292969,-0.00341797,0.992188,0.149667,0.0152588,0.115454
393146,-0.00268555,-0.00317383,0.992432,-0.00292063,0.0457764,0.115454
393156,-0.00268555,-0.00341797,0.99292,0.0581145,0.0762939,0.207007
393166,-0.00292969,-0.00366211,0.991943,-0.0334382,-0.0457764,0.115454
393176,-0.00268555,-0.00366211,0.992432,0.149667,0.106812,0.054419
393186,-0.00268555,-0.00415039,0.992676,-0.0944734,0.106812,0.0849366
393196,-0.00292969,-0.00341797,0.99292,0.24122,0.228882,0.176489
393206,-0.00292969,-0.00341797,0.992676,0.0581145,0.106812,0.115454
393216,-0.00317383,-0.00317383,0.992188,0.0886321,0.106812,0.0239015
393226,-0.00341797,-0.00317383,0.991943,0.149667,0.137329,0.176489
393236,-0.00390625,-0.00366211,0.991699,0.0886321,-0.0152588,0.115454
393246,-0.00390625,-0.00366211,0.992676,0.149667,0.137329,0.207007
393256,-0.00390625,-0.00366211,0.992676,-0.00292063,0.0457764,0.207007
393266,-0.00390625,-0.00366211,0.992432,0.027597,0.0152588,0.0239015
393276,-0.00366211,-0.00341797,0.992188,0.210702,0.0152588,0.054419
393286,-0.00366211,-0.00341797,0.992676,0.11915,0.0762939,0.145972
393296,-0.00366211,-0.00341797,0.992432,0.0581145,0.167847,0.237525
393306,-0.00341797,-0.00390625,0.992432,0.149667,0.0457764,0.115454
393316,-0.00341797,-0.00366211,0.992676,-0.0639558,0.0152588,0.0239015
393326,-0.00341797,-0.00415039,0.992676,0.271738,-0.0762939,0.207007
393336,-0.00366211,-0.00317383,0.992676,0.0581145,0.106812,0.29856
393346,-0.00366211,-0.00366211,0.992676,0.11915,0.137329,0.145972
393356,-0.00415039,-0.00341797,0.993164,0.11915,0.106812,0.0849366
393366,-0.00415039,-0.00341797,0.992432,0.0886321,0.0457764,0.237525
393376,-0.00390625,-0.00366211,0.991699,0.149667,-0.0152588,0.115454
393386,-0.00390625,-0.00390625,0.992676,0.027597,-0.0152588,0.207007
393396,-0.00415039,-0.00390625,0.99292,0.180185,0.0457764,0.145972
393406,-0.00390625,-0.00366211,0.993164,0.027597,0.0457764,0.176489
393416,-0.00341797,-0.00366211,0.99292,0.0886321,0.167847,0.115454
393426,-0.00366211,-0.00366211,0.992676,0.0581145,0.0762939,0.0239015
393436,-0.00366211,-0.00366211,0.992188,0.027597,0.0457764,0.0239015
393446,-0.00390625,-0.00341797,0.991943,0.0886321,0.137329,-0.00661612
393456,-0.00415039,-0.00317383,0.991943,0.210702,0.137329,-0.0981688
393466,-0.00366211,-0.00292969,0.992676,0.11915,0.0762939,0.145972
393476,-0.00341797,-0.00317383,0.991943,-0.0334382,0.0152588,-0.0371337
393486,-0.00317383,-0.00292969,0.992188,-0.00292063,0.0762939,0.115454
393496,-0.00317383,-0.00268555,0.992432,0.180185,0.137329,0.207007
393506,-0.00341797,-0.00292969,0.99292,-0.0639558,0.0762939,0.145972
393516,-0.00366211,-0.00268555,0.992432,0.11915,-0.0457764,0.176489
393526,-0.00366211,-0.00292969,0.99292,0.0886321,-0.0152588,0.176489
393536,-0.00366211,-0.00244141,0.992432,0.210702,0.137329,0.0849366
393546,-0.00390625,-0.00268555,0.992188,0.0886321,0.198364,0.0849366
393556,-0.00341797,-0.00317383,0.992432,0.0886321,0.0457764,0.0849366
393566,-0.00341797,-0.00268555,0.992188,0.0886321,0.0762939,0.145972
393576,-0.00317383,-0.00244141,0.991211,0.271738,0.0152588,0.0849366
393586,-0.00317383,-0.00268555,0.991455,0.0581145,0.0762939,-0.00661612
393596,-0.00317383,-0.00268555,0.992188,0.210702,0.137329,-0.0676513
393606,-0.00317383,-0.00317383,0.991455,-0.00292063,0.0457764,0.0239015
393616,-0.00292969,-0.00292969,0.991943,0.210702,0.137329,0.237525
393626,-0.00268555,-0.00292969,0.992432,0.180185,0.0457764,0.115454
393636,-0.00317383,-0.00268555,0.992432,0.11915,-0.0457764,0.115454
393646,-0.00317383,-0.00292969,0.992432,0.0886321,0.0457764,0.0239015
393656,-0.00341797,-0.00268555,0.991943,0.149667,0.0152588,0.268042
393666,-0.00317383,-0.00268555,0.991699,0.0886321,0.106812,0.176489
393676,-0.00341797,-0.00317383,0.991943,0.0886321,0.106812,0.268042
393686,-0.00366211,-0.00292969,0.991699,0.149667,0.198364,0.054419
393696,-0.00366211,-0.00341797,0.991943,0.11915,0.0762939,0.054419
393706,-0.00317383,-0.00292969,0.991943,0.027597,0.167847,0.145972
393716,-0.00341797,-0.00268555,0.991943,-0.0639558,-0.0457764,0.176489
393726,-0.00317383,-0.00268555,0.991699,0.11915,-0.0457764,0.0239015
393736,-0.00317383,-0.00292969,0.992676,0.0581145,0.0762939,0.115454
393746,-0.00341797,-0.00292969,0.992432,0.0886321,0.0457764,0.145972
393756,-0.00341797,-0.00268555,0.992676,0.0581145,0.137329,0.145972
393766,-0.00317383,-0.00317383,0.993164,0.210702,-0.0457764,0.0239015
393776,-0.00292969,-0.00292969,0.993164,0.0581145,0.0457764,0.207007
393786,-0.00292969,-0.00292969,0.993164,0.0581145,0.167847,0.0239015
393796,-0.00317383,-0.00292969,0.993164,-0.00292063,-0.0457764,0.207007
393806,-0.00366211,-0.00292969,0.993164,0.210702,0.106812,0.176489
393816,-0.00366211,-0.00292969,0.993408,0.210702,0.0457764,0.268042
393826,-0.00366211,-0.00317383,0.993408,-0.00292063,-0.106812,-0.0676513
393836,-0.00341797,-0.00292969,0.993164,0.0581145,0.0457764,0.115454
393846,-0.00341797,-0.00317383,0.992676,-0.0639558,0.106812,-0.00661612
393856,-0.00341797,-0.00366211,0.99292,0.180185,0.106812,0.0849366
393866,-0.00317383,-0.00390625,0.99292,0.11915,0.0762939,0.176489
393876,-0.00292969,-0.00366211,0.993164,0.027597,0.0152588,0.176489
393886,-0.00317383,-0.00366211,0.99292,0.0581145,0.0152588,0.0849366
393896,-0.00317383,-0.00341797,0.992432,-0.00292063,0.0152588,0.115454
393906,-0.00292969,-0.00390625,0.993408,0.11915,0.106812,0.0239015
393916,-0.00317383,-0.00366211,0.993408,0.11915,0.0152588,0.145972
393926,-0.00317383,-0.00366211,0.993408,0.027597,-0.0152588,-0.00661612
393936,-0.00317383,-0.00366211,0.99292,0.0581145,-0.0457764,-0.0371337
393946,-0.00341797,-0.00366211,0.992432,-0.0639558,-0.0457764,0.0849366
393956,-0.00366211,-0.00366211,0.992676,-0.00292063,0.0762939,0.0849366
393966,-0.00341797,-0.00390625,0.992676,0.0886321,-0.0152588,0.0849366
393976,-0.00341797,-0.00317383,0.992432,0.11915,0.0152588,0.237525
393986,-0.00317383,-0.00317383,0.992432,0.0886321,-0.0457764,0.115454
393996,-0.00244141,-0.00292969,0.992432,0.027597,0.0762939,-0.0371337
394006,-0.00244141,-0.00268555,0.992676,0.027597,0.0457764,0.0239015
394016,-0.00268555,-0.00317383,0.993164,-0.0639558,0.0457764,0.207007
394026,-0.00268555,-0.00317383,0.992676,-0.00292063,-0.0152588,0.115454
394036,-0.00341797,-0.00366211,0.992188,0.027597,0.167847,0.0239015
394046,-0.00366211,-0.00366211,0.992432,0.0581145,0.0152588,0.237525
394056,-0.00366211,-0.00341797,0.993164,0.0886321,0.0457764,0.115454
394066,-0.00366211,-0.00317383,0.992432,0.180185,0.0152588,-0.128686
394076,-0.00366211,-0.00317383,0.992432,0.027597,0.0457764,0.115454
394086,-0.00366211,-0.00317383,0.992432,0.11915,0.106812,0.176489
394096,-0.00390625,-0.00317383,0.992188,-0.00292063,0.289917,0.0239015
394106,-0.00415039,-0.00341797,0.991943,0.0886321,-0.0152588,0.145972
394116,-0.00390625,-0.00366211,0.991455,0.027597,0.0762939,0.145972
394126,-0.00341797,-0.00366211,0.990967,-0.0639558,0.137329,0.176489
394136,-0.00366211,-0.00317383,0.990967,0.11915,0.0457764,0.176489
394146,-0.00341797,-0.00317383,0.990723,-0.00292063,0.0762939,-0.0371337
394156,-0.00317383,-0.00292969,0.990723,-0.00292063,0.167847,0.176489
394166,-0.00317383,-0.00292969,0.990967,0.0581145,0.137329,0.115454
394176,-0.00341797,-0.00317383,0.991211,-0.00292063,0.106812,0.054419
394186,-0.00341797,-0.00292969,0.991211,-0.0639558,0.0457764,0.054419
394196,-0.00317383,-0.00341797,0.991455,0.027597,-0.0152588,0.176489
394206,-0.00317383,-0.00317383,0.991943,0.0581145,0.106812,0.0849366
394216,-0.00341797,-0.00292969,0.991455,0.027597,0.137329,0.176489
394226,-0.00366211,-0.00268555,0.991943,0.11915,-0.0152588,0.115454
394236,-0.00366211,-0.00317383,0.992432,-0.0334382,0.0457764,0.145972
394246,-0.00341797,-0.00341797,0.992432,-0.0334382,0.0152588,0.0239015
394256,-0.00317383,-0.00341797,0.992432,0.0581145,0.0152588,0.145972
394266,-0.00317383,-0.00341797,0.992188,0.11915,0.0152588,0.115454
394276,-0.00292969,-0.00341797,0.991943,-0.155509,-0.0457764,0.268042
394286,-0.00292969,-0.00341797,0.991699,0.210702,0.0457764,0.176489
394296,-0.00317383,-0.00341797,0.990967,0.027597,0.0152588,0.115454
394306,-0.00317383,-0.00366211,0.991211,0.149667,-0.0152588,0.0239015
394316,-0.00317383,-0.00366211,0.991699,0.0581145,-0.0152588,-0.00661612
394326,-0.00292969,-0.00366211,0.991211,-0.0334382,0.137329,0.268042
394336,-0.00292969,-0.00366211,0.990967,0.0886321,0.0762939,0.145972
394346,-0.00292969,-0.00317383,0.990723,0.0581145,0.0762939,0.054419
394356,-0.00317383,-0.00341797,0.990723,0.027597,-0.0457764,0.0239015
394366,-0.00341797,-0.00366211,0.991455,0.0581145,0.0152588,0.0849366
394376,-0.00366211,-0.00317383,0.991699,0.027597,0.0152588,0.115454
394386,-0.00317383,-0.00317383,0.991455,0.210702,0.137329,0.0239015
394396,-0.00341797,-0.00317383,0.991943,0.027597,-0.0152588,-0.00661612
394406,-0.00292969,-0.00317383,0.992676,0.027597,0.0152588,0.054419
394416,-0.00317383,-0.00341797,0.992188,0.210702,0.137329,0.268042
394426,-0.00366211,-0.00341797,0.992188,-0.0334382,0.0762939,0.0849366
394436,-0.00341797,-0.00341797,0.992188,0.0886321,0.0762939,0.145972
394446,-0.00317383,-0.00341797,0.991699,-0.0334382,-0.0152588,0.176489
394456,-0.00317383,-0.00317383,0.991699,0.0581145,-0.0152588,0.115454
394466,-0.00317383,-0.00341797,0.992188,0.11915,0.0457764,0.237525
394476,-0.00341797,-0.00341797,0.992188,-0.00292063,0.137329,0.145972
394486,-0.00292969,-0.00341797,0.991943,-0.0639558,0.0457764,0.207007
394496,-0.00317383,-0.00292969,0.992676,-0.00292063,-0.0457764,0.237525
394506,-0.00317383,-0.00317383,0.992188,-0.00292063,0.0762939,0.145972
394516,-0.00292969,-0.00341797,0.991943,-0.00292063,0.0762939,0.115454
394526,-0.00317383,-0.00317383,0.991699,0.0886321,-0.0152588,0.054419
394536,-0.00292969,-0.00317383,0.992188,0.0886321,0.106812,0.054419
394546,-0.00317383,-0.00292969,0.99292,0.180185,0.167847,0.145972
394556,-0.00292969,-0.00292969,0.993164,0.149667,0.0457764,0.0849366
394566,-0.00268555,-0.00268555,0.992676,0.027597,0.106812,0.207007
394576,-0.00317383,-0.00317383,0.99292,0.0581145,0.0762939,-0.128686
394586,-0.00317383,-0.00292969,0.993164,0.302255,-0.0152588,0.237525
394596,-0.00341797,-0.00292969,0.992432,0.0581145,0.0457764,0.145972
394606,-0.00317383,-0.00317383,0.991943,0.0581145,0.137329,0.176489
394616,-0.00341797,-0.00317383,0.992188,0.210702,-0.0152588,0.237525
394626,-0.00317383,-0.00317383,0.99292,-0.0334382,0.0762939,0.176489
394636,-0.00317383,-0.00317383,0.993408,0.11915,0.0457764,0.0849366
394646,-0.00292969,-0.00317383,0.993164,0.11915,0.198364,0.237525
394656,-0.00219727,-0.00292969,0.993164,0.180185,-0.0152588,0.054419
394666,-0.00195312,-0.00317383,0.99292,-0.00292063,0.198364,0.0849366
394676,-0.00219727,-0.00317383,0.99292,0.149667,0.0152588,0.054419
394686,-0.00268555,-0.00317383,0.99292,0.210702,0.0457764,0.145972
394696,-0.00317383,-0.00317383,0.993652,0.0581145,0.198364,0.0239015
394706,-0.00341797,-0.00317383,0.992676,-0.00292063,0.0762939,0.0239015
394716,-0.00317383,-0.00317383,0.992188,0.149667,0.106812,0.207007
394726,-0.00292969,-0.00341797,0.991943,0.027597,0.106812,0.176489
394736,-0.00341797,-0.00341797,0.991943,0.11915,-0.137329,0.207007
394746,-0.00366211,-0.00366211,0.992188,0.149667,-0.0762939,0.207007
394756,-0.00341797,-0.00366211,0.99292,0.11915,0.0457764,0.0849366
394766,-0.00341797,-0.00341797,0.993164,0.0886321,-0.0152588,0.29856
394776,-0.00341797,-0.00317383,0.993164,0.11915,0.167847,0.0849366
394786,-0.00341797,-0.00317383,0.992188,0.149667,-0.0152588,0.054419
394796,-0.00341797,-0.00292969,0.992432,0.0886321,0.0762939,0.054419
394806,-0.00317383,-0.00341797,0.992432,0.11915,0.0152588,-0.0371337
394816,-0.00317383,-0.00341797,0.992188,0.027597,-0.0152588,0.115454
394826,-0.00317383,-0.00292969,0.992432,-0.00292063,0.167847,-0.0676513
394836,-0.00341797,-0.00317383,0.992432,-0.00292063,0.137329,0.0849366
394846,-0.00341797,-0.00317383,0.992676,0.0886321,0.0152588,0.054419
394856,-0.00292969,-0.00292969,0.992432,0.027597,0.0457764,0.207007
394866,-0.00268555,-0.00341797,0.992432,0.149667,0.0457764,0.0849366
394876,-0.00244141,-0.00341797,0.99292,0.027597,-0.0152588,0.0849366
394886,-0.00292969,-0.00366211,0.992676,0.24122,0.0762939,0.115454
394896,-0.00292969,-0.00341797,0.991943,-0.0639558,0.0762939,0.115454
394906,-0.00341797,-0.00341797,0.992432,0.149667,0.106812,0.0239015
394916,-0.00341797,-0.00317383,0.991943,-0.00292063,0.0457764,0.054419
394926,-0.00366211,-0.00341797,0.991943,0.271738,0.0152588,0.237525
394936,-0.00366211,-0.00317383,0.991943,0.24122,0.0762939,-0.159204
394946,-0.00390625,-0.00317383,0.992432,-0.00292063,-0.106812,0.115454
394956,-0.00366211,-0.00341797,0.992432,0.11915,0.0152588,0.054419
394966,-0.00366211,-0.00292969,0.992188,0.0581145,0.0152588,0.237525
394976,-0.00341797,-0.00268555,0.993164,0.11915,0.137329,0.0239015
394986,-0.00317383,-0.00292969,0.99292,-0.0334382,0.0762939,0.145972
394996,-0.00366211,-0.00292969,0.99292,0.027597,-0.0762939,0.115454
395006,-0.00390625,-0.00268555,0.992432,-0.124991,0.0152588,0.145972
395016,-0.00317383,-0.00292969,0.991699,-0.0944734,-0.0457764,0.176489
395026,-0.00366211,-0.00244141,0.992676,0.11915,-0.0762939,0.115454
395036,-0.00317383,-0.00244141,0.992432,0.0886321,0.167847,0.145972
395046,-0.00341797,-0.00268555,0.993164,0.0581145,-0.0762939,0.054419
395056,-0.00341797,-0.00317383,0.993164,0.0581145,0.0152588,-0.128686
395066,-0.00366211,-0.00366211,0.993652,0.180185,-0.0152588,0.0849366
395076,-0.00390625,-0.00341797,0.993896,-0.0334382,-0.0762939,-0.0676513
395086,-0.00390625,-0.00366211,0.994141,-0.00292063,0.0457764,0.0239015
395096,-0.00366211,-0.00341797,0.994141,0.0581145,0.228882,0.115454
395106,-0.00341797,-0.00292969,0.993896,0.0581145,0.167847,0.145972
395116,-0.00317383,-0.00317383,0.993652,0.210702,0.0762939,0.054419
395126,-0.00317383,-0.00317383,0.993652,0.0581145,0.0762939,0.145972
395136,-0.00292969,-0.00317383,0.993164,0.027597,0.0762939,0.176489
395146,-0.00317383,-0.00317383,0.992432,0.0581145,0.0457764,0.115454
395156,-0.00317383,-0.00317383,0.993164,-0.00292063,0.0457764,0.268042
395166,-0.00341797,-0.00317383,0.992676,-0.00292063,0.167847,0.176489
395176,-0.00317383,-0.00341797,0.992432,0.271738,0.0457764,0.0239015
395186,-0.00317383,-0.00317383,0.992432,0.0581145,0.0152588,0.115454
395196,-0.00341797,-0.00341797,0.992676,0.210702,0.137329,0.176489
395206,-0.00341797,-0.00390625,0.992188,0.027597,0.0457764,0.0239015
395216,-0.00341797,-0.00415039,0.992432,-0.00292063,0.106812,0.054419
395226,-0.00390625,-0.00390625,0.992188,-0.0944734,-0.0152588,0.115454
395236,-0.00415039,-0.00366211,0.992188,0.149667,0.106812,0.0849366
395246,-0.00390625,-0.00341797,0.992676,-0.0639558,0.0762939,-0.00661612
395256,-0.00341797,-0.00317383,0.992676,0.0581145,0.0457764,0.359595
395266,-0.00341797,-0.00317383,0.992188,0.149667,0.167847,0.207007
395276,-0.00341797,-0.00292969,0.992432,0.180185,0.0152588,0.0849366
395286,-0.00366211,-0.00292969,0.992676,0.0886321,-0.0152588,0.0239015
395296,-0.00390625,-0.00317383,0.992676,0.0581145,0.106812,0.145972
395306,-0.00390625,-0.00317383,0.992188,-0.0639558,0.0457764,0.115454
395316,-0.00390625,-0.00317383,0.992188,-0.0334382,0.106812,0.390112
395326,-0.00390625,-0.00317383,0.992676,0.180185,0.167847,0.207007
395336,-0.00366211,-0.00317383,0.993164,0.149667,0.0457764,0.176489
395346,-0.00390625,-0.00341797,0.992188,-0.0334382,0.0152588,0.0239015
395356,-0.00415039,-0.00366211,0.992432,0.0886321,0.0457764,0.329077
395366,-0.00390625,-0.00366211,0.992432,0.027597,0.106812,0.145972
395376,-0.00366211,-0.00341797,0.992676,0.11915,0.137329,0.145972
395386,-0.00341797,-0.00341797,0.99292,0.149667,0.228882,0.176489
395396,-0.00292969,-0.00366211,0.992432,0.180185,-0.106812,0.176489
395406,-0.00292969,-0.00341797,0.992676,0.027597,0.0152588,0.054419
395416,-0.00317383,-0.00366211,0.992188,0.0581145,-0.0152588,0.054419
395426,-0.00317383,-0.00415039,0.991699,0.0581145,0.0457764,0.176489
395436,-0.00341797,-0.00390625,0.991699,-0.0944734,-0.0457764,0.0849366
395446,-0.00341797,-0.00366211,0.992188,-0.00292063,-0.0457764,0.145972
395456,-0.00317383,-0.00366211,0.992432,0.0886321,-0.0152588,0.115454
395466,-0.00292969,-0.00341797,0.992432,0.0886321,0.106812,0.145972
395476,-0.00268555,-0.00317383,0.992188,0.0581145,0.0762939,0.115454
395486,-0.00292969,-0.00317383,0.992188,-0.0334382,-0.0457764,0.115454
395496,-0.00268555,-0.00341797,0.992432,0.0886321,-0.0152588,0.145972
395506,-0.00292969,-0.00341797,0.992188,0.027597,-0.0152588,0.176489
395516,-0.00292969,-0.00341797,0.992188,0.180185,0.0457764,0.176489
395526,-0.00292969,-0.00317383,0.992676,0.027597,0.0762939,0.0239015
395536,-0.00317383,-0.00292969,0.992432,0.11915,0.0762939,0.268042
395546,-0.00292969,-0.00292969,0.992188,0.027597,-0.0152588,0.115454
395556,-0.00292969,-0.00317383,0.991943,0.0886321,-0.0762939,0.115454
395566,-0.00317383,-0.00390625,0.992188,0.11915,0.0762939,0.054419
395576,-0.00341797,-0.00390625,0.992676,0.210702,0.259399,0.115454
395586,-0.00366211,-0.00341797,0.992188,-0.124991,-0.0457764,0.145972
395596,-0.00366211,-0.00317383,0.992188,0.0581145,0.0152588,0.145972
395606,-0.00341797,-0.00268555,0.991943,-0.00292063,0.0152588,0.0239015
395616,-0.00366211,-0.00268555,0.992188,0.0581145,0.0457764,0.054419
395626,-0.00366211,-0.00317383,0.991943,-0.0334382,0.106812,0.207007
395636,-0.00341797,-0.00317383,0.992188,0.149667,0.0457764,0.329077
395646,-0.00366211,-0.00341797,0.992188,0.027597,0.0457764,0.115454
395656,-0.00341797,-0.00341797,0.991943,0.210702,0.228882,0.207007
395666,-0.00366211,-0.00317383,0.991943,-0.00292063,0.106812,0.054419
395676,-0.00366211,-0.00292969,0.991943,0.271738,0.0152588,0.145972
395686,-0.00390625,-0.00317383,0.992432,0.027597,0.0152588,0.115454
395696,-0.00366211,-0.00341797,0.992188,-0.00292063,0.106812,0.207007
395706,-0.00366211,-0.00317383,0.992432,0.149667,0.167847,0.176489
395716,-0.00366211,-0.00317383,0.992188,0.11915,0.137329,0.176489
395726,-0.00341797,-0.00317383,0.991943,-0.00292063,0.0457764,0.115454
395736,-0.00341797,-0.00317383,0.992432,0.027597,0.228882,0.0849366
395746,-0.00317383,-0.00341797,0.992676,0.0581145,0.0762939,0.145972
395756,-0.00317383,-0.00341797,0.992432,0.149667,0.0152588,0.176489
395766,-0.00317383,-0.00366211,0.992676,-0.00292063,-0.0152588,0.0849366
395776,-0.00341797,-0.00317383,0.992676,0.027597,0.0762939,-0.00661612
395786,-0.00366211,-0.00341797,0.992432,0.180185,0.137329,0.054419
395796,-0.00317383,-0.00341797,0.992676,0.149667,0.198364,-0.0676513
395806,-0.00317383,-0.00366211,0.992432,0.180185,-0.0457764,0.145972
395816,-0.00292969,-0.00341797,0.99292,0.0581145,0.0762939,0.176489
395826,-0.00292969,-0.00317383,0.992676,-0.186026,-0.0762939,0.145972
395836,-0.00292969,-0.00341797,0.993408,0.0886321,0.0457764,0.207007
395846,-0.00317383,-0.00366211,0.993408,0.11915,0.0762939,0.054419
395856,-0.00292969,-0.00341797,0.993652,0.11915,0.0152588,0.207007
395866,-0.00292969,-0.00341797,0.99292,0.027597,0.0762939,0.0849366
395876,-0.00292969,-0.00341797,0.99292,0.027597,0.167847,0.207007
395886,-0.00292969,-0.00317383,0.992676,0.0581145,-0.0457764,0.145972
395896,-0.00317383,-0.00317383,0.992676,-0.0334382,0.0457764,0.176489
395906,-0.00268555,-0.00341797,0.991699,0.24122,0.137329,0.176489
395916,-0.00292969,-0.00341797,0.992676,0.149667,0.0762939,0.207007
395926,-0.00268555,-0.00415039,0.99292,-0.00292063,-0.0457764,0.0239015
395936,-0.00292969,-0.00415039,0.99292,-0.00292063,0.0457764,0.329077
395946,-0.00292969,-0.00390625,0.992432,0.0886321,0.0152588,0.115454
395956,-0.00292969,-0.00390625,0.992432,0.11915,0.0762939,0.115454
395966,-0.00292969,-0.00341797,0.992432,0.302255,0.0152588,0.176489
395976,-0.00292969,-0.00366211,0.992432,0.0886321,-0.0762939,-0.00661612
395986,-0.00268555,-0.00366211,0.992432,0.180185,0.0457764,0.207007
395996,-0.00292969,-0.00390625,0.992188,0.149667,-0.0457764,0.176489
396006,-0.00292969,-0.00390625,0.992432,0.302255,0.106812,0.054419
396016,-0.00268555,-0.00366211,0.992676,0.302255,0.0152588,0.237525
396026,-0.00268555,-0.00366211,0.992676,0.027597,0.0152588,-0.00661612
396036,-0.00317383,-0.00317383,0.991943,0.180185,-0.0457764,0.0849366
396046,-0.00341797,-0.00292969,0.992188,0.0886321,-0.0762939,0.145972
396056,-0.00317383,-0.00268555,0.993408,-0.124991,0.0457764,0.207007
396066,-0.00341797,-0.00292969,0.993164,0.0581145,-0.0152588,0.145972
396076,-0.00366211,-0.00292969,0.993164,0.393808,0.0457764,0.176489
396086,-0.00317383,-0.00317383,0.993408,0.180185,0.0457764,0.145972
396096,-0.00317383,-0.00317383,0.992676,0.0886321,0.106812,-0.00661612
396106,-0.00317383,-0.00366211,0.992188,0.180185,0.0152588,0.207007
396116,-0.00317383,-0.00366211,0.991943,-0.155509,0.0457764,0.145972
396126,-0.00292969,-0.00341797,0.991943,-0.00292063,0.0152588,0.237525
396136,-0.00292969,-0.00317383,0.991455,0.0581145,0.0762939,0.176489
396146,-0.00268555,-0.00317383,0.991699,0.0581145,0.0152588,0.115454
396156,-0.00317383,-0.00341797,0.991699,0.0581145,-0.0457764,0.115454
396166,-0.00317383,-0.00390625,0.991455,0.0581145,0.137329,0.115454
396176,-0.00292969,-0.00366211,0.992432,0.180185,-0.0152588,-0.0371337
396186,-0.00244141,-0.00366211,0.992676,0.11915,0.0457764,0.176489
396196,-0.00268555,-0.00341797,0.991943,0.393808,0.0457764,0.054419
396206,-0.00268555,-0.00390625,0.992432,0.0581145,-0.0457764,0.0849366
396216,-0.00292969,-0.00341797,0.992676,0.149667,0.0152588,0.115454
396226,-0.00268555,-0.00366211,0.993164,0.027597,-0.0457764,0.054419
396236,-0.00219727,-0.00341797,0.992676,0.149667,0.167847,0.145972
396246,-0.00244141,-0.00366211,0.992432,-0.0334382,0.0152588,0.268042
396256,-0.00292969,-0.00366211,0.992676,0.0581145,-0.106812,0.054419
396266,-0.00317383,-0.00366211,0.993408,-0.155509,0.0457764,-0.0371337
396276,-0.00366211,-0.00366211,0.993408,0.0581145,0.106812,0.054419
396286,-0.00366211,-0.00366211,0.992676,0.302255,0.0457764,-0.0371337
396296,-0.00366211,-0.00366211,0.992676,0.11915,-0.0152588,0.145972
396306,-0.00390625,-0.00366211,0.992676,0.0581145,0.137329,0.0239015
396316,-0.00390625,-0.00341797,0.992432,0.11915,0.0457764,0.0239015
396336,-0.00366211,-0.00341797,0.99292,-0.0334382,-0.0457764,0.207007
396346,-0.00366211,-0.00366211,0.993164,0.027597,0.0457764,0.268042
396356,-0.00415039,-0.00341797,0.993652,0.0886321,0.0152588,0.0239015
396366,-0.00439453,-0.00317383,0.994141,-0.00292063,0.0762939,0.115454
396376,-0.00366211,-0.00317383,0.993408,0.0581145,0.0152588,0.145972
396386,-0.00366211,-0.00341797,0.993408,0.149667,0.0457764,0.0239015
396396,-0.00341797,-0.00341797,0.993408,0.11915,0.0457764,0.0849366
396406,-0.00341797,-0.00341797,0.992676,0.210702,0.137329,0.237525
396416,-0.00292969,-0.00390625,0.992188,0.180185,0.198364,0.176489
396426,-0.00292969,-0.00366211,0.992188,0.24122,0.106812,0.207007
396436,-0.00292969,-0.00317383,0.991699,0.11915,0.0762939,0.115454
396446,-0.00292969,-0.00292969,0.992188,0.149667,0.0762939,0.0849366
396456,-0.00268555,-0.00317383,0.991699,0.027597,-0.0152588,-0.0676513
396466,-0.00292969,-0.00317383,0.992188,0.0886321,0.0457764,0.115454
396476,-0.00268555,-0.00317383,0.992188,0.027597,-0.0152588,0.237525
396486,-0.00268555,-0.00341797,0.991455,0.24122,0.0762939,0.29856
396496,-0.00292969,-0.00390625,0.992432,0.0886321,0.0762939,0.145972
396506,-0.00341797,-0.00390625,0.99292,-0.0334382,0.0457764,0.176489
396516,-0.00317383,-0.00366211,0.992676,-0.0639558,0.0457764,0.145972
396526,-0.00341797,-0.00341797,0.992676,0.210702,0.198364,0.176489
396536,-0.00317383,-0.00341797,0.992676,0.11915,-0.0152588,0.054419
396546,-0.00317383,-0.00317383,0.993408,0.0886321,-0.106812,0.145972
396556,-0.00341797,-0.00292969,0.993652,0.0886321,0.0762939,-0.00661612
396576,-0.00317383,-0.00317383,0.99292,0.180185,0.106812,0.329077
396586,-0.00292969,-0.00317383,0.992676,0.11915,-0.0152588,0.054419
396596,-0.00317383,-0.00317383,0.992676,0.0886321,-0.0152588,0.054419
396606,-0.00317383,-0.00292969,0.992432,0.0581145,0.106812,0.0849366
396616,-0.00341797,-0.00268555,0.991699,0.0886321,0.0152588,0.054419
396626,-0.00317383,-0.00219727,0.991943,0.149667,-0.0152588,0.0239015
396636,-0.00366211,-0.00268555,0.991699,0.11915,0.106812,0.115454
396646,-0.00366211,-0.00244141,0.992188,0.149667,0.167847,0.0849366
396656,-0.00341797,-0.00268555,0.991699,0.0581145,0.137329,0.29856
396666,-0.00341797,-0.00268555,0.992188,0.149667,0.0762939,-0.00661612
396676,-0.00317383,-0.00292969,0.992432,0.0886321,-0.0152588,0.0239015
396686,-0.00317383,-0.00341797,0.992432,0.0886321,0.0457764,0.268042
396696,-0.00317383,-0.00366211,0.992188,0.0886321,0.0457764,-0.0371337
396706,-0.00317383,-0.00341797,0.992676,0.149667,0.0762939,0.268042
396716,-0.00341797,-0.00317383,0.991943,-0.00292063,0.0152588,0.054419
396726,-0.00341797,-0.00341797,0.992432,0.271738,-0.0152588,0.176489
396736,-0.00317383,-0.00341797,0.99292,-0.00292063,-0.0152588,0.237525
396746,-0.00341797,-0.00341797,0.992188,0.0581145,0.259399,0.176489
396756,-0.00341797,-0.00317383,0.992676,-0.0639558,0.137329,-0.0371337
396766,-0.00341797,-0.00317383,0.992676,0.11915,-0.0152588,0.207007
396776,-0.00341797,-0.00317383,0.992188,0.11915,0.106812,0.115454
396786,-0.00317383,-0.00341797,0.991943,0.180185,0.106812,0.0849366
396796,-0.00292969,-0.00341797,0.991455,0.149667,-0.0457764,0.0849366
396806,-0.00268555,-0.00341797,0.990967,0.11915,0.137329,0.054419
396816,-0.00292969,-0.00317383,0.990967,0.11915,0.106812,0.054419
396826,-0.00341797,-0.00268555,0.991211,0.11915,-0.0762939,0.176489
396836,-0.00292969,-0.00268555,0.991699,0.24122,0.198364,0.207007
396846,-0.00292969,-0.00317383,0.991455,0.027597,0.0457764,-0.00661612
396856,-0.00292969,-0.00317383,0.991943,0.149667,0.0762939,0.0849366
396866,-0.00341797,-0.00341797,0.991943,-0.00292063,0.0457764,0.237525
396876,-0.00317383,-0.00292969,0.991943,0.149667,-0.0152588,0.054419
396886,-0.00292969,-0.00317383,0.992432,0.0886321,0.0457764,-0.00661612
396896,-0.00292969,-0.00341797,0.991699,0.210702,0.0152588,-0.0371337
396906,-0.00292969,-0.00341797,0.991699,0.0581145,0.0762939,0.145972
396916,-0.00341797,-0.00341797,0.991943,0.11915,0.0457764,0.145972
396926,-0.00390625,-0.00317383,0.992676,0.027597,0.0762939,-0.00661612
396936,-0.00366211,-0.00317383,0.992188,0.302255,0.106812,0.145972
396946,-0.00317383,-0.00341797,0.992432,0.0581145,-0.0457764,0.268042
396956,-0.00317383,-0.00317383,0.992676,0.0886321,0.0762939,0.0849366
396966,-0.00317383,-0.00341797,0.991943,-0.00292063,0.106812,0.145972
396976,-0.00292969,-0.00317383,0.991211,0.11915,-0.0457764,0.268042
396986,-0.00292969,-0.00317383,0.991943,0.0886321,0.0152588,-0.0371337
396996,-0.00317383,-0.00292969,0.991455,0.180185,0.0762939,0.176489
397006,-0.00341797,-0.00292969,0.991211,0.027597,0.0152588,0.207007
397016,-0.00292969,-0.00317383,0.990967,0.027597,0.0762939,0.0239015
397026,-0.00268555,-0.00341797,0.990723,-0.00292063,0.106812,0.0849366
397036,-0.00268555,-0.00341797,0.991211,0.027597,0.198364,-0.0371337
397046,-0.00268555,-0.00268555,0.991211,0.180185,0.0457764,-0.0371337
397056,-0.00317383,-0.00268555,0.990967,-0.0334382,-0.106812,0.268042
397066,-0.00317383,-0.00292969,0.991211,-0.124991,-0.0152588,0.115454
397076,-0.00317383,-0.00292969,0.991699,0.0581145,0.0762939,0.054419
397086,-0.00317383,-0.00341797,0.991699,0.0581145,0.0457764,0.237525
397096,-0.00317383,-0.00317383,0.991943,0.0581145,-0.0457764,0.0239015
397106,-0.00292969,-0.00292969,0.992188,0.027597,0.106812,0.0239015
397116,-0.00317383,-0.00341797,0.991455,0.027597,-0.0152588,0.115454
397126,-0.00366211,-0.00317383,0.991699,0.180185,-0.0457764,0.0239015
397136,-0.00341797,-0.00341797,0.991455,0.149667,0.167847,0.0239015
397146,-0.00341797,-0.00341797,0.991455,0.210702,0.167847,0.054419
397156,-0.00317383,-0.00366211,0.991699,-0.0639558,-0.106812,0.176489
397166,-0.00341797,-0.00341797,0.992676,0.11915,0.0457764,0.0849366
397176,-0.00341797,-0.00317383,0.992432,0.0581145,-0.0152588,0.207007
397186,-0.00341797,-0.00292969,0.99292,0.149667,0.0457764,0.115454
397196,-0.00317383,-0.00317383,0.992432,0.24122,0.198364,0.0849366
397206,-0.00317383,-0.00317383,0.992432,0.0581145,0.0762939,0.29856
397216,-0.00292969,-0.00317383,0.992432,0.0581145,-0.106812,0.054419
397236,-0.00341797,-0.00292969,0.991943,0.180185,0.0152588,0.115454
397246,-0.00341797,-0.00268555,0.991943,0.0581145,0.0762939,0.115454
397256,-0.00390625,-0.00268555,0.991455,0.0886321,-0.106812,0.207007
397266,-0.00390625,-0.00292969,0.991943,-0.155509,0.0152588,0.054419
397276,-0.00366211,-0.00317383,0.992432,0.0886321,0.0457764,0.176489
397286,-0.00341797,-0.00317383,0.991943,-0.0944734,0.0762939,0.145972
397296,-0.00390625,-0.00317383,0.991943,-0.00292063,0.167847,-0.0371337
397306,-0.00341797,-0.00292969,0.991455,0.027597,0.0457764,-0.00661612
397316,-0.00317383,-0.00268555,0.991455,0.180185,0.0457764,0.237525
397326,-0.00317383,-0.00268555,0.991943,0.027597,0.167847,0.176489
397336,-0.00317383,-0.00292969,0.991943,0.027597,0.0457764,-0.0676513
397346,-0.00317383,-0.00268555,0.991943,0.180185,0.0762939,0.054419
397356,-0.00341797,-0.00268555,0.991943,0.149667,0.0762939,0.29856
397366,-0.00341797,-0.00292969,0.992188,-0.0334382,0.198364,0.0239015
397376,-0.00366211,-0.00317383,0.991455,0.149667,0.137329,0.207007
397386,-0.00390625,-0.00317383,0.991943,0.0581145,0.0457764,0.207007
397396,-0.00366211,-0.00292969,0.992188,0.210702,0.106812,-0.0371337
397406,-0.00415039,-0.00317383,0.991943,-0.124991,0.0152588,-0.0981688
397416,-0.00390625,-0.00317383,0.991943,0.11915,0.0152588,0.145972
397426,-0.00390625,-0.00317383,0.992188,0.11915,0.0457764,0.115454
397436,-0.00390625,-0.00317383,0.991699,0.11915,-0.0457764,0.054419
397446,-0.00415039,-0.00292969,0.992188,0.11915,-0.0152588,0.115454
397456,-0.00415039,-0.00292969,0.991943,0.027597,0.106812,0.145972
397466,-0.00390625,-0.00341797,0.991943,0.0886321,0.0457764,-0.0981688
397476,-0.00390625,-0.00341797,0.991943,0.180185,0.0457764,0.207007
397486,-0.00366211,-0.00341797,0.992188,0.027597,-0.0152588,0.145972
397496,-0.00341797,-0.00366211,0.991699,0.11915,0.0762939,0.176489
397506,-0.00341797,-0.00366211,0.991943,0.149667,-0.0457764,0.115454
397516,-0.00366211,-0.00366211,0.991943,0.149667,0.0457764,0.115454
397526,-0.00390625,-0.00366211,0.991455,0.24122,0.0457764,0.268042
397536,-0.00415039,-0.00366211,0.990967,0.149667,0.106812,0.176489
397546,-0.00390625,-0.00317383,0.991211,0.0581145,0.0457764,0.176489
397556,-0.00390625,-0.00366211,0.991211,0.180185,-0.0152588,0.207007
397566,-0.00390625,-0.00366211,0.991455,0.0581145,0.0457764,0.0849366
397576,-0.00439453,-0.00341797,0.991699,0.0886321,0.0762939,0.207007
397586,-0.00415039,-0.00341797,0.991699,0.149667,0.198364,0.054419
397596,-0.00415039,-0.00341797,0.991211,0.0886321,0.0762939,-0.00661612
397606,-0.00390625,-0.00366211,0.991455,0.0581145,0.0457764,0.0239015
397616,-0.00341797,-0.00341797,0.990967,0.24122,0.106812,0.115454
397626,-0.00366211,-0.00341797,0.990967,-0.0639558,-0.0457764,0.054419
397636,-0.00415039,-0.00341797,0.990723,0.027597,0.0152588,0.268042
397646,-0.00390625,-0.00317383,0.990723,0.149667,0.137329,0.115454
397656,-0.00366211,-0.00317383,0.991699,0.027597,0.0762939,0.115454
397666,-0.00341797,-0.00292969,0.991455,0.210702,0.0152588,0.207007
397676,-0.00341797,-0.00317383,0.991699,0.0581145,0.0457764,0.0849366
397686,-0.00341797,-0.00317383,0.990967,0.0581145,0.137329,0.054419
397696,-0.00366211,-0.00292969,0.991211,-0.0639558,0.137329,-0.0371337
397706,-0.00366211,-0.00317383,0.991455,-0.00292063,0.0457764,-0.00661612
397716,-0.00366211,-0.00292969,0.991455,0.11915,0.198364,0.0849366
397726,-0.00341797,-0.00366211,0.991211,0.11915,0.0762939,0.207007
397736,-0.00292969,-0.00366211,0.991455,0.0886321,0.0457764,0.145972
397746,-0.00366211,-0.00390625,0.991455,0.027597,-0.0152588,0.237525
397756,-0.00341797,-0.00366211,0.991211,0.149667,0.106812,0.329077
397766,-0.00341797,-0.00390625,0.990723,-0.00292063,0.0762939,0.237525
397776,-0.00341797,-0.00390625,0.991699,0.0886321,0.0457764,0.268042
397786,-0.00341797,-0.00366211,0.991455,0.271738,-0.106812,0.207007
397796,-0.00292969,-0.00366211,0.991699,-0.00292063,0.167847,0.115454
397806,-0.00317383,-0.00366211,0.992188,0.0581145,-0.0152588,0.115454
397816,-0.00366211,-0.00341797,0.991699,0.149667,0.0457764,0.237525
397826,-0.00317383,-0.00341797,0.991943,0.149667,0.0152588,0.054419
397836,-0.00390625,-0.00317383,0.992188,0.11915,0.0762939,0.176489
397846,-0.00390625,-0.00317383,0.991943,0.210702,0.0762939,0.29856
397856,-0.00366211,-0.00317383,0.992188,0.0886321,0.0762939,-0.00661612
397866,-0.00341797,-0.00317383,0.991699,0.0581145,0.0152588,0.115454
397876,-0.00366211,-0.00317383,0.991943,-0.0944734,0.0457764,0.268042
397886,-0.00341797,-0.00341797,0.992188,0.11915,0.106812,0.115454
397896,-0.00366211,-0.00341797,0.991699,0.24122,0.0762939,0.0849366
397906,-0.00366211,-0.00317383,0.991699,0.0886321,0.106812,0.145972
397916,-0.00317383,-0.00366211,0.992188,0.0581145,-0.0152588,0.0239015
397926,-0.00366211,-0.00317383,0.992188,-0.0944734,-0.0457764,-0.128686
397936,-0.00366211,-0.00341797,0.991699,0.210702,0.0457764,0.176489
397946,-0.00366211,-0.00366211,0.991699,0.0581145,0.137329,0.145972
397956,-0.00366211,-0.00366211,0.992676,0.210702,0.0762939,0.145972
397966,-0.00366211,-0.00366211,0.992676,0.0581145,0.106812,0.268042
397976,-0.00366211,-0.00366211,0.992676,0.0581145,0.0762939,0.207007
397986,-0.00341797,-0.00341797,0.992676,0.180185,0.0762939,0.145972
397996,-0.00366211,-0.00390625,0.992432,0.24122,0.0457764,0.207007
398006,-0.00341797,-0.00390625,0.991699,0.0581145,0.0152588,-0.0371337
398016,-0.00366211,-0.00366211,0.991455,0.0581145,0.0457764,0.145972
398026,-0.00341797,-0.00366211,0.991943,0.149667,0.0762939,0.145972
398036,-0.00341797,-0.00317383,0.991943,0.149667,0.0762939,0.0239015
398046,-0.00341797,-0.00317383,0.991211,-0.0334382,-0.0152588,-0.0676513
398056,-0.00317383,-0.00317383,0.991455,0.0581145,-0.0152588,0.145972
398066,-0.00317383,-0.00341797,0.991211,0.0886321,0.0152588,0.176489
398076,-0.00317383,-0.00341797,0.991211,0.0886321,0.0762939,0.054419
398086,-0.00341797,-0.00341797,0.991211,0.11915,0.0762939,0.207007
398096,-0.00366211,-0.00366211,0.991455,0.180185,-0.106812,-0.0981688
398106,-0.00341797,-0.00292969,0.991211,0.0581145,0.0457764,0.054419
398116,-0.00317383,-0.00341797,0.991943,-0.00292063,0.0457764,0.237525
398126,-0.00317383,-0.00292969,0.992676,0.0886321,-0.0457764,0.054419
398136,-0.00341797,-0.00341797,0.992188,0.0581145,0.137329,0.176489
398146,-0.00317383,-0.00292969,0.992188,0.0581145,-0.0152588,0.054419
398156,-0.00292969,-0.00268555,0.991699,0.149667,0.106812,0.0849366
398166,-0.00292969,-0.00317383,0.991699,0.027597,0.106812,0.0239015
398176,-0.00292969,-0.00341797,0.991455,0.027597,0.137329,0.237525
398186,-0.00292969,-0.00317383,0.991943,0.0581145,0.0457764,0.145972
398196,-0.00292969,-0.00341797,0.991943,-0.0334382,0.106812,0.176489
398206,-0.00341797,-0.00366211,0.992188,0.0886321,0.0762939,0.268042
398216,-0.00366211,-0.00366211,0.991943,0.0886321,0.0457764,-0.00661612
398226,-0.00341797,-0.00341797,0.991699,-0.0334382,-0.0152588,0.115454
398236,-0.00341797,-0.00317383,0.992432,-0.0334382,0.106812,0.237525
398246,-0.00390625,-0.00341797,0.991943,0.0886321,0.106812,0.0849366
398256,-0.00366211,-0.00292969,0.991943,0.0581145,0.106812,0.115454
398266,-0.00341797,-0.00292969,0.991699,0.149667,0.0457764,0.054419
398276,-0.00341797,-0.00341797,0.990967,0.302255,0.0762939,-0.00661612
398286,-0.00317383,-0.00390625,0.990967,-0.00292063,0.106812,0.054419
398296,-0.00317383,-0.00366211,0.991699,-0.0639558,0.0457764,0.145972
398306,-0.00317383,-0.00341797,0.991943,-0.155509,0.0762939,0.0239015
398316,-0.00341797,-0.00317383,0.991943,-0.0639558,0.137329,0.237525
398326,-0.00317383,-0.00341797,0.991943,0.149667,0.137329,0.0239015
398336,-0.00341797,-0.00317383,0.992188,0.0581145,0.0762939,0.29856
398346,-0.00317383,-0.00317383,0.991943,0.210702,0.198364,0.145972
398356,-0.00317383,-0.00341797,0.992188,0.027597,0.137329,0.29856
398366,-0.00366211,-0.00292969,0.992188,0.027597,-0.0457764,0.145972
398376,-0.00341797,-0.00292969,0.992432,-0.00292063,-0.0152588,0.0849366
398386,-0.00366211,-0.00317383,0.992432,0.210702,-0.0152588,0.268042
398396,-0.00390625,-0.00292969,0.992676,0.11915,0.137329,0.145972
398406,-0.00390625,-0.00317383,0.992432,0.0581145,0.0152588,0.237525
398416,-0.00390625,-0.00317383,0.992188,-0.0334382,-0.0152588,0.115454
398426,-0.00415039,-0.00317383,0.992676,0.0886321,0.228882,0.359595
398436,-0.00415039,-0.00341797,0.992432,0.24122,-0.0152588,0.115454
398446,-0.00415039,-0.00366211,0.992432,0.180185,0.198364,0.207007
398456,-0.00415039,-0.00292969,0.992188,0.027597,0.0762939,0.145972
398466,-0.00415039,-0.00292969,0.991943,0.0886321,0.106812,0.0239015
398476,-0.00439453,-0.00292969,0.991699,0.0581145,0.0152588,0.268042
398486,-0.00390625,-0.00292969,0.992188,-0.0639558,0.0152588,0.176489
398496,-0.00390625,-0.00317383,0.992432,0.210702,0.106812,0.145972
398506,-0.00439453,-0.00292969,0.992188,0.027597,0.137329,0.207007
398516,-0.00415039,-0.00341797,0.992188,-0.0334382,0.228882,0.268042
398526,-0.00390625,-0.00292969,0.991699,0.11915,0.0152588,-0.0676513
398536,-0.00415039,-0.00317383,0.991699,0.24122,-0.0457764,-0.0676513
398546,-0.00366211,-0.00317383,0.991455,0.0581145,-0.0457764,0.145972
398556,-0.00366211,-0.00341797,0.992188,0.0581145,0.0762939,0.0849366
398566,-0.00341797,-0.00341797,0.991943,0.149667,0.0762939,0.145972
398576,-0.00317383,-0.00317383,0.991455,0.0886321,-0.0457764,-0.159204
398596,-0.00317383,-0.00341797,0.991211,-0.00292063,-0.0152588,0.115454
398606,-0.00317383,-0.00317383,0.991211,0.0886321,0.106812,0.115454
398616,-0.00341797,-0.00292969,0.991211,0.11915,0.0152588,0.0849366
398626,-0.00317383,-0.00341797,0.991455,0.027597,-0.0152588,0.237525
398636,-0.00341797,-0.00317383,0.991211,0.149667,0.0762939,-0.0676513
398646,-0.00317383,-0.00341797,0.991211,-0.216544,0.0457764,0.176489
398656,-0.00341797,-0.00317383,0.991211,0.0886321,0.0457764,0.237525
398666,-0.00366211,-0.00268555,0.990967,0.0581145,0.137329,0.176489
398676,-0.00366211,-0.00292969,0.990723,0.149667,0.0762939,0.237525
398686,-0.00341797,-0.00292969,0.991455,0.180185,0.106812,0.0849366
398696,-0.00366211,-0.00317383,0.991699,0.11915,0.167847,-0.00661612
398706,-0.00366211,-0.00317383,0.991699,0.0581145,0.167847,0.29856
398716,-0.00366211,-0.00341797,0.991943,0.0581145,0.106812,0.0239015
398726,-0.00341797,-0.00317383,0.991699,0.149667,0.0457764,0.176489
398736,-0.00341797,-0.00341797,0.991455,0.149667,0.167847,0.0239015
398746,-0.00366211,-0.00341797,0.991943,0.210702,-0.0152588,0.054419
398756,-0.00366211,-0.00317383,0.992188,0.11915,0.0152588,0.0239015
398766,-0.00341797,-0.00292969,0.993408,0.11915,-0.0457764,0.207007
398776,-0.00366211,-0.00317383,0.99292,0.210702,0.0457764,0.115454
398786,-0.00341797,-0.00317383,0.99292,0.11915,0.106812,0.29856
398796,-0.00390625,-0.00292969,0.992676,0.0886321,0.0457764,0.207007
398806,-0.00390625,-0.00317383,0.991943,0.149667,0.106812,0.054419
398816,-0.00366211,-0.00292969,0.991455,0.11915,0.259399,0.054419
398826,-0.00317383,-0.00268555,0.991943,-0.0334382,0.106812,-0.0981688
398836,-0.00317383,-0.00244141,0.991943,-0.00292063,-0.0152588,0.0849366
398846,-0.00317383,-0.00244141,0.991211,0.11915,0.228882,0.207007
398856,-0.00292969,-0.00268555,0.991211,0.11915,-0.0152588,0.0849366
398866,-0.00341797,-0.00244141,0.990967,0.027597,0.0762939,0.054419
398876,-0.00292969,-0.00219727,0.990967,0.149667,0.0152588,-0.0371337
398886,-0.00292969,-0.00219727,0.991699,0.027597,0.167847,0.268042
398896,-0.00317383,-0.00219727,0.991211,0.24122,0.0762939,0.0849366
398906,-0.00317383,-0.00244141,0.991455,0.149667,0.137329,0.054419
398916,-0.00292969,-0.00268555,0.991211,0.0886321,0.137329,0.0239015
398926,-0.00292969,-0.00268555,0.991455,-0.00292063,0.0457764,0.115454
398936,-0.00292969,-0.00268555,0.991455,0.149667,0.137329,-0.00661612
398946,-0.00292969,-0.00317383,0.991943,-0.00292063,0.0762939,0.115454
398956,-0.00317383,-0.00292969,0.992432,0.24122,0.0152588,0.145972
398966,-0.00317383,-0.00268555,0.992432,-0.0334382,0.0152588,0.176489
398976,-0.00317383,-0.00292969,0.992676,0.0886321,0.228882,-0.00661612
398986,-0.00317383,-0.00268555,0.992432,0.0581145,0.0762939,0.054419
398996,-0.00317383,-0.00268555,0.992432,-0.0334382,0.167847,0.0849366
399006,-0.00292969,-0.00292969,0.992432,0.0886321,0.0457764,0.0849366
399026,-0.00341797,-0.00317383,0.991699,0.210702,0.106812,0.176489
399036,-0.00317383,-0.00292969,0.992188,-0.0639558,0.0152588,0.176489
399046,-0.00317383,-0.00292969,0.991211,0.149667,0.0457764,0.054419
399056,-0.00341797,-0.00292969,0.991211,-0.0944734,0.0762939,0.207007
399066,-0.00341797,-0.00292969,0.991699,0.0581145,0.167847,0.176489
399076,-0.00366211,-0.00317383,0.992188,0.0581145,0.0457764,0.237525
399086,-0.00341797,-0.00341797,0.992432,0.0581145,0.137329,0.329077
399096,-0.00366211,-0.00341797,0.991943,0.027597,0.0457764,0.176489
399106,-0.00415039,-0.00366211,0.991455,0.11915,0.0457764,-0.00661612
399116,-0.00390625,-0.00341797,0.991455,0.149667,0.198364,-0.128686
399126,-0.00366211,-0.00390625,0.990967,-0.0334382,-0.0152588,-0.220239
399136,-0.00366211,-0.00341797,0.990723,0.11915,0.137329,0.115454
399146,-0.00366211,-0.00317383,0.990479,-0.00292063,0.0457764,0.29856
399156,-0.00390625,-0.00292969,0.98999,0.180185,-0.0152588,0.054419
399166,-0.00366211,-0.00292969,0.990234,-0.0334382,0.0457764,0.054419
399176,-0.00366211,-0.00292969,0.990723,0.11915,-0.0457764,0.0239015
399186,-0.00390625,-0.00292969,0.990967,0.027597,0.198364,0.0849366
399196,-0.00390625,-0.00292969,0.991455,0.149667,0.137329,0.268042
399206,-0.00390625,-0.00317383,0.991211,0.210702,0.0457764,0.0849366
399216,-0.00390625,-0.00292969,0.991455,0.11915,0.167847,0.115454
399226,-0.00366211,-0.00292969,0.991455,-0.124991,0.0762939,0.207007
399236,-0.00366211,-0.00317383,0.990723,0.11915,0.0762939,0.115454
399246,-0.00341797,-0.00341797,0.990479,0.149667,0.0762939,0.0849366
399256,-0.00341797,-0.00317383,0.991455,-0.0334382,0.106812,0.359595
399266,-0.00341797,-0.00317383,0.991211,-0.0639558,0.0152588,0.054419
399276,-0.00317383,-0.00292969,0.991699,-0.0334382,0.137329,0.176489
399286,-0.00292969,-0.00292969,0.991455,-0.0944734,0.0762939,0.207007
399296,-0.00268555,-0.00341797,0.991455,0.11915,-0.0152588,0.237525
399306,-0.00292969,-0.00341797,0.991699,0.0886321,0.0762939,0.054419
399316,-0.00268555,-0.00366211,0.991211,0.0886321,0.106812,0.145972
399326,-0.00268555,-0.00292969,0.991699,0.0581145,0.0152588,-0.0676513
399336,-0.00292969,-0.00292969,0.991455,0.11915,0.167847,0.268042
399346,-0.00317383,-0.00292969,0.991211,-0.00292063,0.167847,0.176489
399356,-0.00341797,-0.00317383,0.991455,0.149667,0.0762939,0.145972
399366,-0.00341797,-0.00366211,0.991943,0.210702,0.0762939,0.268042
399376,-0.00292969,-0.00341797,0.991943,0.210702,0.228882,0.0239015
399386,-0.00268555,-0.00366211,0.992188,0.180185,0.0152588,0.29856
399396,-0.00317383,-0.00366211,0.991943,0.271738,0.0152588,0.0239015
399406,-0.00317383,-0.00341797,0.992188,0.11915,0.106812,0.0849366
399416,-0.00317383,-0.00341797,0.991943,0.0581145,0.0457764,0.0849366
399426,-0.00341797,-0.00366211,0.992188,0.149667,-0.0152588,0.176489
399436,-0.00317383,-0.00366211,0.99292,0.0886321,0.167847,0.0239015
399446,-0.00292969,-0.00366211,0.99292,-0.00292063,-0.137329,0.145972
399456,-0.00292969,-0.00341797,0.992188,0.027597,0.137329,0.115454
399466,-0.00268555,-0.00317383,0.99292,0.0581145,0.137329,0.0849366
399476,-0.00292969,-0.00341797,0.992676,0.0886321,0.137329,0.145972
399486,-0.00317383,-0.00366211,0.99292,0.0886321,-0.0152588,0.176489
399496,-0.00292969,-0.00341797,0.992676,0.027597,0.0762939,0.0849366
399506,-0.00317383,-0.00366211,0.992432,0.11915,0.0762939,0.42063
399516,-0.00317383,-0.00341797,0.992676,0.11915,0.0152588,0.176489
399526,-0.00292969,-0.00415039,0.992432,0.0581145,0.106812,-0.0981688
399536,-0.00268555,-0.00366211,0.991699,0.11915,-0.0152588,0.29856
399546,-0.00268555,-0.00317383,0.991943,0.11915,0.0762939,0.0239015
399556,-0.00292969,-0.00268555,0.991699,0.180185,-0.0152588,-0.00661612
399566,-0.00317383,-0.00292969,0.992432,0.027597,0.137329,0.176489
399576,-0.00341797,-0.00292969,0.99292,0.180185,0.106812,0.176489
399586,-0.00317383,-0.00268555,0.992676,0.027597,0.0457764,0.115454
399596,-0.00341797,-0.00366211,0.992432,0.11915,-0.0457764,-0.00661612
399606,-0.00341797,-0.00390625,0.992432,0.027597,0.137329,0.268042
399616,-0.00341797,-0.00292969,0.992432,0.0581145,0.137329,0.054419
399626,-0.00317383,-0.00341797,0.992188,0.210702,0.0152588,0.0239015
399636,-0.00317383,-0.00292969,0.991943,0.149667,0.106812,0.054419
399646,-0.00317383,-0.00244141,0.991455,-0.00292063,0.137329,0.207007
399656,-0.00366211,-0.00292969,0.991455,-0.0334382,0.0457764,-0.0371337
399666,-0.00366211,-0.00292969,0.991943,0.210702,-0.0152588,0.0849366
399676,-0.00341797,-0.00317383,0.992188,0.11915,0.0152588,0.0849366
399686,-0.00292969,-0.00366211,0.991455,0.0581145,-0.0152588,0.054419
399696,-0.00317383,-0.00317383,0.991943,0.149667,0.137329,0.237525
399706,-0.00292969,-0.00317383,0.991455,-0.124991,0.0762939,0.145972
399716,-0.00341797,-0.00341797,0.991699,0.0886321,0.137329,0.115454
399726,-0.00317383,-0.00366211,0.991455,0.0886321,0.0152588,-0.00661612
399736,-0.00292969,-0.00341797,0.991943,-0.0334382,0.198364,-0.0676513
399746,-0.00317383,-0.00366211,0.992432,0.0581145,0.0762939,0.207007
399756,-0.00341797,-0.00390625,0.991943,0.11915,0.0762939,0.0849366
399776,-0.00366211,-0.00341797,0.991943,0.180185,0.0457764,0.176489
399786,-0.00341797,-0.00341797,0.991211,0.0581145,0.0457764,-0.0676513
399796,-0.00341797,-0.00317383,0.991211,0.0886321,0.0457764,0.176489
399806,-0.00341797,-0.00341797,0.991699,0.0581145,0.0762939,0.115454
399816,-0.00366211,-0.00341797,0.991943,0.11915,0.0152588,0.145972
399826,-0.00366211,-0.00341797,0.991943,-0.00292063,0.0457764,0.115454
399836,-0.00366211,-0.00341797,0.991699,0.0581145,0.137329,0.145972
399846,-0.00317383,-0.00341797,0.991699,0.027597,0.0457764,-0.0371337
399866,-0.00341797,-0.00317383,0.991211,-0.00292063,0.0457764,0.176489
399876,-0.00292969,-0.00341797,0.991455,-0.0334382,0.0152588,0.0239015
399886,-0.00317383,-0.00268555,0.991455,-0.00292063,0.0152588,0.115454
399896,-0.00341797,-0.00292969,0.991699,0.0581145,0.106812,0.054419
399906,-0.00317383,-0.00292969,0.991211,-0.0944734,0.167847,-0.0371337
399916,-0.00317383,-0.00317383,0.990234,0.0581145,0.137329,0.237525
399926,-0.00292969,-0.00341797,0.990234,0.210702,0.0457764,0.115454
399936,-0.00244141,-0.00317383,0.990967,0.027597,0.0457764,0.145972
399946,-0.00219727,-0.00341797,0.991455,0.0581145,0.137329,-0.0371337
399956,-0.00244141,-0.00341797,0.991211,0.0581145,0.228882,0.054419
399966,-0.00268555,-0.00341797,0.991211,0.027597,0.198364,0.268042
399976,-0.00317383,-0.00341797,0.991943,0.180185,-0.106812,0.054419
399986,-0.00292969,-0.00292969,0.991455,0.11915,0.0762939,0.176489
400006,-0.00317383,-0.00317383,0.990967,0.302255,0.228882,-0.0371337
400016,-0.00292969,-0.00317383,0.990967,-0.00292063,0.0457764,0.054419
400026,-0.00317383,-0.00317383,0.991455,-0.0639558,-0.0457764,0.29856
400036,-0.00317383,-0.00341797,0.991943,0.11915,0.167847,0.145972
400046,-0.00317383,-0.00341797,0.990967,-0.0639558,-0.0762939,-0.00661612
400056,-0.00292969,-0.00390625,0.991455,0.0581145,0.0152588,0.145972
400066,-0.00292969,-0.00366211,0.991699,0.0581145,-0.0152588,0.145972
400076,-0.00317383,-0.00390625,0.992432,-0.0944734,0.106812,-0.00661612
400086,-0.00292969,-0.00366211,0.992432,-0.0334382,0.259399,0.207007
400096,-0.00292969,-0.00366211,0.992432,0.0581145,0.0152588,0.0239015
400106,-0.00292969,-0.00390625,0.992432,-0.00292063,0.0152588,0.237525
400116,-0.00366211,-0.00366211,0.991699,0.149667,0.106812,-0.00661612
400126,-0.00317383,-0.00366211,0.991455,0.027597,0.167847,0.268042
400136,-0.00366211,-0.00366211,0.991699,-0.00292063,0.0457764,0.207007
400146,-0.00317383,-0.00341797,0.991943,-0.0334382,0.0457764,0.145972
400156,-0.00317383,-0.00341797,0.992188,-0.0944734,-0.0457764,0.329077
400166,-0.00292969,-0.00341797,0.992188,-0.0334382,0.0152588,0.145972
400176,-0.00292969,-0.00341797,0.992676,0.11915,0.0457764,0.0849366
400186,-0.00292969,-0.00341797,0.99292,-0.0944734,-0.0152588,0.115454
400196,-0.00317383,-0.00366211,0.993164,-0.00292063,-0.0457764,0.268042
400206,-0.00366211,-0.00390625,0.992676,0.149667,0.0457764,0.207007
400216,-0.00366211,-0.00341797,0.992676,0.0581145,0.167847,0.268042
400226,-0.00390625,-0.00366211,0.992676,0.0886321,0.0762939,0.054419
400236,-0.00390625,-0.00390625,0.992188,-0.124991,0.259399,0.176489
400246,-0.00390625,-0.00366211,0.991943,-0.155509,0.0152588,0.145972
400256,-0.00366211,-0.00366211,0.992188,0.180185,0.0762939,0.054419
400266,-0.00366211,-0.00366211,0.992188,0.11915,0.167847,0.0849366
400276,-0.00317383,-0.00390625,0.991943,0.0886321,0.0457764,0.145972
400286,-0.00317383,-0.00390625,0.992432,0.11915,0.0152588,0.115454
400296,-0.00341797,-0.00366211,0.991943,-0.00292063,0.0762939,0.145972
400306,-0.00341797,-0.00341797,0.991455,0.24122,0.106812,0.29856
400316,-0.00317383,-0.00317383,0.991455,0.149667,0.0457764,0.115454
400326,-0.00317383,-0.00341797,0.991455,0.180185,0.0457764,0.0849366
400336,-0.00292969,-0.00366211,0.991211,0.11915,0.0457764,0.207007
400346,-0.00341797,-0.00390625,0.991455,0.149667,-0.0152588,-0.00661612
400356,-0.00341797,-0.00415039,0.991699,0.027597,0.0457764,0.0849366
400366,-0.00341797,-0.00390625,0.991943,-0.0334382,0.137329,0.115454
400376,-0.00317383,-0.00317383,0.991455,0.11915,0.0762939,0.145972
400386,-0.00292969,-0.00317383,0.991699,-0.0944734,0.167847,0.268042
400396,-0.00292969,-0.00317383,0.990479,0.027597,0.0152588,0.115454
400406,-0.00317383,-0.00292969,0.990967,0.0581145,0.137329,0.0239015
400426,-0.00366211,-0.00292969,0.990967,0.11915,0.137329,0.207007
400436,-0.00366211,-0.00292969,0.992188,-0.0334382,0.0152588,0.054419
400446,-0.00390625,-0.00292969,0.991455,-0.00292063,0.0457764,0.237525
400456,-0.00415039,-0.00317383,0.991943,0.332773,0.106812,0.0849366
400466,-0.00390625,-0.00317383,0.991211,0.180185,0.0762939,0.0849366
400476,-0.00317383,-0.00268555,0.992188,0.0886321,0.0457764,-0.00661612
400486,-0.00317383,-0.00268555,0.992188,0.149667,0.106812,0.054419
400496,-0.00292969,-0.00268555,0.992432,-0.0334382,0.0762939,0.115454
400506,-0.00268555,-0.00292969,0.992432,0.11915,0.0152588,-0.0981688
400516,-0.00268555,-0.00317383,0.992188,0.0581145,0.228882,0.207007
400526,-0.00244141,-0.00317383,0.991943,0.180185,0.0457764,0.115454
400536,-0.00268555,-0.00341797,0.991211,-0.124991,0.106812,-0.0371337
400546,-0.00268555,-0.00292969,0.990967,0.149667,0.167847,0.0849366
400556,-0.00292969,-0.00317383,0.990479,0.027597,-0.0152588,0.0849366
400566,-0.00292969,-0.00268555,0.990723,0.149667,0.0457764,0.268042
400576,-0.00268555,-0.00292969,0.990723,0.149667,0.0152588,-0.0981688
400586,-0.00292969,-0.00317383,0.991211,0.11915,0.0457764,0.0849366
400596,-0.00341797,-0.00341797,0.991699,0.11915,0.106812,0.145972
400606,-0.00317383,-0.00341797,0.991211,0.027597,0.228882,0.115454
400616,-0.00317383,-0.00366211,0.990967,0.11915,0.0457764,0.207007
400626,-0.00292969,-0.00341797,0.990967,0.0886321,0.198364,0.0239015
400636,-0.00292969,-0.00317383,0.991699,0.210702,0.137329,0.0849366
400646,-0.00317383,-0.00317383,0.991943,0.0581145,0.0152588,0.115454
400656,-0.00341797,-0.00317383,0.992188,0.0886321,0.0152588,0.0239015
400666,-0.00317383,-0.00268555,0.992432,0.027597,0.137329,0.145972
400676,-0.00292969,-0.00292969,0.992432,0.149667,0.0152588,0.176489
400686,-0.00268555,-0.00268555,0.991943,0.11915,0.228882,0.0239015
400696,-0.00268555,-0.00268555,0.991943,-0.0334382,0.0457764,-0.0676513
400706,-0.00268555,-0.00292969,0.991943,0.24122,0.0457764,0.054419
400716,-0.00244141,-0.00292969,0.992432,0.11915,0.0152588,0.268042
400726,-0.00268555,-0.00268555,0.991699,0.0581145,0.167847,0.145972
400736,-0.00268555,-0.00268555,0.992432,-0.00292063,0.106812,0.145972
400746,-0.00292969,-0.00292969,0.991699,0.0581145,0.0457764,0.176489
400756,-0.00317383,-0.00341797,0.991455,0.0581145,0.0762939,-0.00661612
400766,-0.00341797,-0.00317383,0.991699,0.149667,0.198364,0.145972
400776,-0.00341797,-0.00341797,0.991943,0.027597,0.0457764,0.054419
400786,-0.00341797,-0.00317383,0.99292,0.11915,0.0762939,0.176489
400796,-0.00366211,-0.00317383,0.992676,0.11915,0.106812,0.176489
400806,-0.00390625,-0.00341797,0.992676,0.0581145,0.0457764,0.145972
400816,-0.00366211,-0.00292969,0.99292,0.180185,0.106812,0.0849366
400826,-0.00390625,-0.00317383,0.992432,0.0886321,-0.0152588,0.054419
400836,-0.00341797,-0.00341797,0.992188,0.149667,-0.0152588,-0.128686
400846,-0.00292969,-0.00341797,0.991699,0.0886321,-0.0457764,0.0849366
400856,-0.00317383,-0.00366211,0.991455,0.180185,0.106812,0.176489
400866,-0.00317383,-0.00341797,0.991455,0.180185,0.106812,0.115454
400876,-0.00341797,-0.00317383,0.991943,-0.00292063,-0.0152588,0.054419
400886,-0.00341797,-0.00341797,0.992676,0.027597,0.0762939,0.115454
400896,-0.00317383,-0.00317383,0.992676,-0.0639558,-0.0152588,0.0849366
400906,-0.00268555,-0.00317383,0.992676,0.149667,0.0762939,0.145972
400916,-0.00268555,-0.00268555,0.992676,-0.0334382,0.0762939,0.054419
400926,-0.00268555,-0.00292969,0.99292,0.11915,0.106812,0.145972
400936,-0.00244141,-0.00292969,0.99292,0.0581145,0.0457764,0.176489
400946,-0.00268555,-0.00292969,0.99292,0.11915,0.106812,0.176489
400956,-0.00268555,-0.00317383,0.99292,0.149667,0.0457764,0.237525
400966,-0.00268555,-0.00292969,0.992188,0.11915,-0.0457764,-0.0981688
400976,-0.00268555,-0.00292969,0.992676,-0.0334382,-0.0152588,0.054419
400986,-0.00292969,-0.00317383,0.992432,-0.00292063,-0.0152588,0.0849366
400996,-0.00292969,-0.00341797,0.991943,0.0581145,0.0457764,0.29856
401006,-0.00268555,-0.00341797,0.991943,0.0581145,0.106812,0.145972
401016,-0.00268555,-0.00366211,0.991211,0.271738,0.228882,0.0849366
401026,-0.00268555,-0.00366211,0.991699,0.027597,0.0457764,0.145972
401036,-0.00268555,-0.00317383,0.991455,0.027597,0.0762939,0.145972
401046,-0.00292969,-0.00366211,0.992188,0.0886321,0.0457764,0.29856
401056,-0.00317383,-0.00317383,0.991699,0.36329,0.0457764,-0.00661612
401066,-0.00292969,-0.00341797,0.991211,0.210702,0.0762939,0.145972
401076,-0.00268555,-0.00317383,0.991699,-0.0334382,0.0457764,0.0849366
401086,-0.00268555,-0.00317383,0.991699,0.0581145,0.106812,-0.00661612
401096,-0.00292969,-0.00292969,0.992188,0.0886321,-0.0152588,0.207007
401106,-0.00317383,-0.00317383,0.991943,0.027597,0.0762939,0.054419
401116,-0.00317383,-0.00341797,0.991455,0.210702,0.0762939,0.29856
401126,-0.00292969,-0.00317383,0.992188,-0.0334382,-0.0457764,0.115454
401136,-0.00268555,-0.00317383,0.992432,-0.0944734,0.167847,0.0849366
401146,-0.00244141,-0.00292969,0.992188,0.027597,0.0152588,0.29856
401156,-0.00268555,-0.00292969,0.991699,-0.0944734,0.0152588,-0.0676513
401166,-0.00268555,-0.00341797,0.991699,-0.0334382,0.0152588,0.115454
401176,-0.00219727,-0.00341797,0.992188,0.149667,-0.0762939,-0.0676513
401186,-0.00195312,-0.00317383,0.992188,-0.0639558,0.0457764,0.054419
401196,-0.00195312,-0.00317383,0.992432,-0.0334382,0.0457764,0.054419
401206,-0.00195312,-0.00292969,0.992432,-0.00292063,0.0152588,0.145972
401216,-0.00219727,-0.00317383,0.992432,0.271738,-0.0152588,0.115454
401226,-0.00244141,-0.00292969,0.992676,0.180185,0.106812,0.237525
401236,-0.00341797,-0.00317383,0.992188,0.36329,0.0457764,-0.00661612
401246,-0.00317383,-0.00317383,0.992188,0.149667,0.0152588,-0.00661612
401256,-0.00317383,-0.00317383,0.992188,0.180185,0.0457764,0.054419
401266,-0.00292969,-0.00341797,0.991699,0.0886321,-0.0152588,0.0239015
401276,-0.00292969,-0.00317383,0.991455,-0.0639558,0.0152588,0.0239015
401286,-0.00292969,-0.00317383,0.991455,0.149667,0.228882,0.29856
401296,-0.00268555,-0.00292969,0.991699,0.0581145,0.0762939,0.176489
401306,-0.00317383,-0.00268555,0.991943,0.027597,0.0457764,0.054419
401316,-0.00292969,-0.00292969,0.992188,-0.00292063,0.0457764,0.176489
401326,-0.00292969,-0.00292969,0.991699,0.11915,0.198364,0.0849366
401336,-0.00268555,-0.00292969,0.991211,0.11915,0.0152588,0.145972
401346,-0.00292969,-0.00268555,0.990967,0.0886321,-0.0152588,0.0239015
401356,-0.00244141,-0.00317383,0.990723,0.149667,0.0457764,0.054419
401366,-0.00244141,-0.00317383,0.991211,0.027597,-0.0152588,0.0239015
401376,-0.00268555,-0.00341797,0.991699,0.0581145,0.0457764,0.0849366
401386,-0.00268555,-0.00366211,0.991699,0.11915,0.106812,0.176489
401396,-0.00244141,-0.00390625,0.991699,-0.00292063,0.0457764,0.176489
401406,-0.00268555,-0.00366211,0.991211,0.11915,0.106812,0.115454
401416,-0.00268555,-0.00366211,0.990479,0.0886321,0.106812,0.054419
401426,-0.00268555,-0.00390625,0.990479,0.11915,0.228882,-0.00661612
401436,-0.00268555,-0.00390625,0.98999,0.11915,0.167847,0.0239015
401446,-0.00219727,-0.00366211,0.98999,0.0581145,0.0152588,0.0239015
401456,-0.00219727,-0.00366211,0.98999,0.11915,0.0457764,0.054419
401466,-0.00268555,-0.00317383,0.990723,0.027597,-0.106812,-0.00661612
401476,-0.00268555,-0.00341797,0.990723,0.0886321,0.0457764,0.0239015
401486,-0.00244141,-0.00317383,0.990479,0.11915,0.0762939,0.207007
401496,-0.00244141,-0.00341797,0.990234,0.0581145,0.0457764,0.0849366
401506,-0.00268555,-0.00317383,0.990234,0.149667,0.0762939,0.0849366
401516,-0.00292969,-0.00341797,0.989746,-0.00292063,0.137329,0.115454
401526,-0.00292969,-0.00341797,0.989746,0.0886321,0.0457764,0.329077
401536,-0.00292969,-0.00341797,0.989746,0.0886321,0.0762939,0.054419
401546,-0.00317383,-0.00341797,0.989746,0.24122,0.106812,0.29856
401556,-0.00317383,-0.00317383,0.990234,0.11915,0.0762939,0.0849366
401566,-0.00341797,-0.00317383,0.990479,0.271738,0.0762939,0.0239015
401576,-0.00341797,-0.00317383,0.990723,-0.00292063,0.0457764,0.145972
401586,-0.00317383,-0.00317383,0.990967,-0.0334382,-0.0152588,0.115454
401596,-0.00317383,-0.00268555,0.990479,0.210702,0.167847,0.145972
401606,-0.00268555,-0.00317383,0.98999,0.180185,-0.0457764,0.145972
401616,-0.00292969,-0.00292969,0.990967,-0.00292063,0.0152588,0.0239015
401626,-0.00219727,-0.00292969,0.990967,0.027597,0.106812,-0.0371337
401636,-0.00219727,-0.00268555,0.991211,-0.0334382,0.0457764,-0.0981688
401646,-0.00244141,-0.00244141,0.991211,-0.00292063,0.0152588,0.268042
401656,-0.00244141,-0.00268555,0.991699,0.0886321,-0.0152588,-0.00661612
401666,-0.00244141,-0.00292969,0.991699,0.11915,0.0457764,0.0849366
401676,-0.00292969,-0.00292969,0.991943,0.11915,0.0457764,-0.00661612
401686,-0.00292969,-0.00341797,0.991699,-0.0639558,0.167847,0.145972
401696,-0.00268555,-0.00341797,0.992188,0.180185,0.259399,-0.0371337
401706,-0.00292969,-0.00366211,0.991943,0.0581145,0.106812,0.145972
401726,-0.00292969,-0.00317383,0.992188,0.11915,0.0762939,0.176489
401736,-0.00292969,-0.00292969,0.991699,-0.155509,-0.0152588,0.0239015
401746,-0.00317383,-0.00292969,0.990479,0.0886321,0.106812,0.054419
401756,-0.00341797,-0.00317383,0.990479,0.027597,0.0152588,0.0849366
401766,-0.00341797,-0.00317383,0.991211,0.149667,0.0457764,-0.0371337
401776,-0.00341797,-0.00317383,0.991455,0.0581145,0.137329,0.115454
401786,-0.00292969,-0.00366211,0.991943,0.0581145,-0.106812,0.054419
401796,-0.00317383,-0.00341797,0.992188,0.0581145,-0.0457764,0.054419
401806,-0.00341797,-0.00366211,0.991943,0.0886321,0.0457764,0.054419
401816,-0.00341797,-0.00366211,0.991943,0.11915,-0.0152588,0.115454
401826,-0.00390625,-0.00317383,0.991943,0.149667,-0.0152588,0.207007
401836,-0.00366211,-0.00317383,0.991455,0.149667,0.0762939,0.268042
401846,-0.00341797,-0.00366211,0.992188,0.11915,-0.0152588,0.115454
401856,-0.00292969,-0.00341797,0.992432,0.0581145,0.0762939,0.0849366
401866,-0.00317383,-0.00341797,0.992188,0.0886321,0.137329,-0.0676513
401876,-0.00317383,-0.00317383,0.991455,0.11915,-0.0152588,0.0849366
401886,-0.00292969,-0.00341797,0.991455,0.027597,-0.0152588,0.0849366
401896,-0.00268555,-0.00317383,0.992432,0.027597,0.137329,0.207007
401906,-0.00292969,-0.00317383,0.992676,-0.00292063,-0.0457764,0.329077
401916,-0.00268555,-0.00341797,0.991699,0.0886321,0.106812,-0.00661612
401926,-0.00268555,-0.00341797,0.991211,0.11915,0.0152588,0.115454
401936,-0.00268555,-0.00317383,0.990723,0.11915,-0.0152588,0.115454
401946,-0.00268555,-0.00317383,0.991211,0.027597,0.0152588,0.0239015
401956,-0.00268555,-0.00341797,0.991455,0.11915,0.198364,0.207007
401966,-0.00244141,-0.00317383,0.991699,0.11915,0.137329,0.145972
401976,-0.00219727,-0.00317383,0.991455,-0.0334382,0.0762939,0.115454
401996,-0.00219727,-0.00317383,0.991211,0.149667,0.0152588,-0.00661612
402006,-0.00244141,-0.00317383,0.991943,0.0886321,0.0457764,0.145972
402016,-0.00244141,-0.00317383,0.991699,-0.0334382,0.106812,0.115454
402026,-0.00244141,-0.00292969,0.992188,0.11915,0.167847,0.237525
402036,-0.00244141,-0.00317383,0.992676,0.027597,0.0762939,0.054419
402046,-0.00292969,-0.00341797,0.992676,0.11915,0.106812,0.207007
402056,-0.00317383,-0.00317383,0.991943,0.0581145,0.106812,0.115454
402066,-0.00341797,-0.00317383,0.991699,0.027597,0.106812,-0.0676513
402076,-0.00317383,-0.00317383,0.991699,0.180185,0.0152588,0.0239015
402086,-0.00317383,-0.00341797,0.991455,-0.0639558,0.0457764,-0.0371337
402096,-0.00292969,-0.00366211,0.991455,0.36329,0.167847,0.0849366
402106,-0.00317383,-0.00341797,0.991211,-0.0639558,-0.0762939,0.329077
402116,-0.00317383,-0.00292969,0.991455,-0.00292063,0.106812,0.237525
402126,-0.00317383,-0.00366211,0.990967,-0.00292063,0.106812,0.0239015
402136,-0.00341797,-0.00390625,0.990967,-0.00292063,0.106812,0.0239015
402146,-0.00317383,-0.00415039,0.991455,-0.00292063,0.0152588,0.054419
402156,-0.00341797,-0.00415039,0.991699,0.302255,0.0762939,0.176489
402166,-0.00317383,-0.00366211,0.992188,-0.0944734,0.106812,0.054419
402176,-0.00292969,-0.00341797,0.991943,0.149667,0.0762939,0.145972
402186,-0.00292969,-0.00292969,0.991699,0.0886321,-0.0762939,0.115454
402196,-0.00317383,-0.00317383,0.991943,0.149667,0.0762939,0.237525
402206,-0.00317383,-0.00317383,0.991699,0.0886321,0.0457764,0.268042
402216,-0.00341797,-0.00292969,0.991211,0.180185,0.106812,0.115454
402226,-0.00366211,-0.00341797,0.991211,0.210702,0.0457764,-0.0981688
402236,-0.00366211,-0.00317383,0.991699,0.149667,-0.0152588,0.207007
402246,-0.00366211,-0.00341797,0.992188,0.027597,0.0152588,-0.128686
402256,-0.00366211,-0.00341797,0.991455,-0.00292063,0.198364,0.0849366
402266,-0.00341797,-0.00292969,0.991699,0.36329,0.228882,0.207007
402276,-0.00366211,-0.00341797,0.991455,0.210702,0.137329,0.237525
402286,-0.00317383,-0.00317383,0.991455,0.0886321,0.167847,0.0239015
